Fact,Category
The Grammy Award for Best New Artist has been awarded since 1959. Years reflect the year in which the Grammy Awards were handed out for records released in the previous year. The award was not presented in 1967.,AWARD
A Grammy Award (stylized as GRAMMY originally called Gramophone Award) or Grammy is an award presented by The Recording Academy to recognize achievements in the music industry. The trophy depicts a gilded gramophone. The annual presentation ceremony features performances by prominent artists and the presentation of those awards that have a more popular interest.,AWARD
Indie rock is a genre of rock music that originated in the United States and United Kingdom in the 1970s. Originally used to describe independent record labels the term became associated with the music they produced and was initially used interchangeably with alternative rock. As grunge and punk revival bands in the US and Britpop bands in the UK broke into the mainstream in the 1990s it came to be used to identify those acts that retained an outsider and underground perspective.,GENRE
Nu metal (sometimes stylized as nü-metal) is a subgenre of alternative metal that combines elements of heavy metal music with elements of other music genres such as hip hop alternative rock funk industrial and grunge. Nu metal bands have drawn elements and influences from a variety of musical styles including multiple genres of heavy metal. Nu metal rarely features guitar solos; the genre is heavily syncopated and based on guitar riffs.,GENRE
Contemporary Christian music (or CCM—and occasionally "inspirational music") is a genre of modern popular music which is lyrically focused on matters concerned with the Christian faith. It formed as those affected by the 1960s Jesus movement revival began to express themselves in a more contemporary style of music than the hymns Gospel and Southern gospel music that was prevalent in the church at the time. Today the term is typically used to refer to pop rock or praise & worship styles.,GENRE
March 13 is the 72nd day of the year (73rd in leap years) in the Gregorian calendar.  293 days remain until the end of the year.,DATE
July 23 is the 204th day of the year (205th in leap years) in the Gregorian calendar.  161 days remain until the end of the year.,DATE
February 2 is the 33rd day of the year in the Gregorian calendar.  332 days remain until the end of the year (333 in leap years).,DATE
The Thirtieth of September Movement (Indonesian: Gerakan 30 September abbreviated as G30S also known by the acronym Gestapu for Gerakan September Tiga Puluh Thirtieth of September Movement) was a self-proclaimed organization of Indonesian National Armed Forces members who in the early hours of 1 October 1965 assassinated six Indonesian Army generals in an abortive coup d'état resulting in the unofficial but more accurate name of Gestok for Gerakan Satu Oktober or First of October Movement. Later that morning the organisation declared that it was in control of media and communication outlets and had taken President Sukarno under its protection. By the end of the day the coup attempt had failed in Jakarta at least.,DATE
June 23 is the 174th day of the year (175th in leap years) in the Gregorian calendar.  191 days remain until the end of the year.,DATE
April 6 is the 96th day of the year (97th in leap years) in the Gregorian calendar.  269 days remain until the end of the year.,DATE
March 21 is the 80th day of the year (81st in leap years) in the Gregorian calendar.  285 days remain until the end of the year.,DATE
June 30 is the 181st day of the year (182nd in leap years) in the Gregorian calendar.  184 days remain until the end of the year.,DATE
September 17 is the 260th day of the year (261st in leap years) in the Gregorian calendar.  105 days remain until the end of the year.,DATE
February 1 is the 32nd day of the year in the Gregorian calendar.  333 days remain until the end of the year (334 in leap years).,DATE
September 7 is the 250th day of the year (251st in leap years) in the Gregorian calendar.  115 days remain until the end of the year.,DATE
April 25 is the 115th day of the year (116th in leap years) in the Gregorian calendar.  250 days remain until the end of the year.,DATE
July 8 is the 189th day of the year (190th in leap years) in the Gregorian calendar.  176 days remain until the end of the year.,DATE
September 14 is the 257th day of the year (258th in leap years) in the Gregorian calendar.  108 days remain until the end of the year.,DATE
February 25 is the 56th day of the year in the Gregorian calendar.  309 days remain until the end of the year (310 in leap years).,DATE
July 13 is the 194th day of the year (195th in leap years) in the Gregorian calendar.  171 days remain until the end of the year.,DATE
September 26 is the 269th day of the year (270th in leap years) in the Gregorian calendar.  96 days remain until the end of the year.,DATE
April 6 is the 96th day of the year (97th in leap years) in the Gregorian calendar.  269 days remain until the end of the year.,DATE
February 1 is the 32nd day of the year in the Gregorian calendar.  333 days remain until the end of the year (334 in leap years).,DATE
On 20 July 1944 Claus von Stauffenberg and other conspirators attempted to assassinate Adolf Hitler Führer of Nazi Germany inside his Wolf's Lair field headquarters near Rastenburg East Prussia. The name Operation Valkyrie—originally referring to part of the conspiracy—has become associated with the entire event.,DATE
July 27 is the 208th day of the year (209th in leap years) in the Gregorian calendar.  157 days remain until the end of the year.,DATE
April 4 is the 94th day of the year (95th in leap years) in the Gregorian calendar.  271 days remain until the end of the year.,DATE
July 3 is the 184th day of the year (185th in leap years) in the Gregorian calendar.  181 days remain until the end of the year.,DATE
July 1 is the 182nd day of the year (183rd in leap years) in the Gregorian calendar.  183 days remain until the end of the year.,DATE
August 31 is the 243rd day of the year (244th in leap years) in the Gregorian calendar.  122 days remain until the end of the year.,DATE
March 24 is the 83rd day of the year (84th in leap years) in the Gregorian calendar.  282 days remain until the end of the year.,DATE
August 14 is the 226th day of the year (227th in leap years) in the Gregorian calendar.  139 days remain until the end of the year.,DATE
June 8 is the 159th day of the year (160th in leap years) in the Gregorian calendar.  206 days remain until the end of the year.,DATE
A millennium (plural millennia or millenniums) is a period of one thousand years sometimes called a kiloyear. Sometimes the word is used specifically for periods of a thousand years that begin at the starting point (initial reference point) of the calendar in consideration (typically the year "1") and at later years that are whole number multiples of a thousand years after the start point. The term can also refer to an interval of time beginning on any date.,DATE
March 7 is the 66th day of the year (67th in leap years) in the Gregorian calendar.  299 days remain until the end of the year.,DATE
September 11 is the 254th day of the year (255th in leap years) in the Gregorian calendar.  111 days remain until the end of the year.,DATE
March 11 is the 70th day of the year (71st in leap years) in the Gregorian calendar.  295 days remain until the end of the year.,DATE
July 21 is the 202nd day of the year (203rd in leap years) in the Gregorian calendar.  163 days remain until the end of the year.,DATE
March 6 is the 65th day of the year (66th in leap years) in the Gregorian calendar.  300 days remain until the end of the year.,DATE
The September 11 attacks (also referred to as 9/11) were a series of four coordinated terrorist attacks by the Islamic terrorist group al-Qaeda against the United States on the morning of Tuesday September 11 2001. The attacks resulted in 2977 victim fatalities over 25000 injuries and caused at least $10 billion in infrastructure and property damage. Additional people have died of 9/11-related cancer and respiratory diseases in the months and years following the attacks.,DATE
August 24 is the 236th day of the year (237th in leap years) in the Gregorian calendar.  129 days remain until the end of the year.,DATE
February 1 is the 32nd day of the year in the Gregorian calendar.  333 days remain until the end of the year (334 in leap years).,DATE
February 3 is the 34th day of the year in the Gregorian calendar.  331 days remain until the end of the year (332 in leap years).,DATE
August 16 is the 228th day of the year (229th in leap years) in the Gregorian calendar.  137 days remain until the end of the year.,DATE
April 12 is the 102nd day of the year (103rd in leap years) in the Gregorian calendar.  263 days remain until the end of the year.,DATE
February 5 is the 36th day of the year in the Gregorian calendar.  329 days remain until the end of the year (330 in leap years).,DATE
February 24 is the 55th day of the year in the Gregorian calendar.  310 days remain until the end of the year (311 in leap years).,DATE
February 2 is the 33rd day of the year in the Gregorian calendar.  332 days remain until the end of the year (333 in leap years).,DATE
November 23 is the 327th day of the year (328th in leap years) in the Gregorian calendar.  38 days remain until the end of the year.,DATE
September 9 is the 252nd day of the year (253rd in leap years) in the Gregorian calendar.  113 days remain until the end of the year.,DATE
August 8 is the 220th day of the year (221st in leap years) in the Gregorian calendar.  145 days remain until the end of the year.,DATE
August 20 is the 232nd day of the year (233rd in leap years) in the Gregorian calendar.  133 days remain until the end of the year.,DATE
August 11 is the 223rd day of the year (224th in leap years) in the Gregorian calendar.  142 days remain until the end of the year.,DATE
April 1 is the 91st day of the year (92nd in leap years) in the Gregorian calendar.  274 days remain until the end of the year.,DATE
September 23 is the 266th day of the year (267th in leap years) in the Gregorian calendar.  99 days remain until the end of the year. It is frequently the day of the autumnal equinox in the Northern Hemisphere and the day of the vernal equinox in the Southern Hemisphere.,DATE
June 20 is the 171st day of the year (172nd in leap years) in the Gregorian calendar.  194 days remain until the end of the year.,DATE
August 22 is the 234th day of the year (235th in leap years) in the Gregorian calendar.  131 days remain until the end of the year.,DATE
February 12 is the 43rd day of the year in the Gregorian calendar.  322 days remain until the end of the year (323 in leap years).,DATE
August 27 is the 239th day of the year (240th in leap years) in the Gregorian calendar.  126 days remain until the end of the year.,DATE
The 26th of July Movement (Spanish: Movimiento 26 de Julio; M-26-7) was a Cuban vanguard revolutionary organization and later a political party led by Fidel Castro. The movement's name commemorates its 26th July 1953 attack on the army barracks on Santiago de Cuba in an attempt to start the overthrowing of the dictator Fulgencio Batista. Fidel Castro's nationalist ideology was founded in the ideas of José Martí.,DATE
February 5 is the 36th day of the year in the Gregorian calendar.  329 days remain until the end of the year (330 in leap years).,DATE
September 13 is the 256th day of the year (257th in leap years) in the Gregorian calendar.  109 days remain until the end of the year.,DATE
July 12 is the 193rd day of the year (194th in leap years) in the Gregorian calendar.  172 days remain until the end of the year.,DATE
Broadcast Music Inc. (BMI) is one of the four major United States performing rights organizations along with ASCAP SESAC and GMR. It collects license fees from businesses that use music on behalf of songwriters composers and music publishers and distributes them as royalties to those members whose works have been performed.  In FY 2019 BMI collected $1.28 billion in revenues and distributed $1.196 billion in royalties.,LABEL
Warner Music Group Inc. (WMG) also known as Warner Music is an American multinational entertainment and record label conglomerate headquartered in Los Angeles. It is one of the "big three" recording companies and the third largest in the global music industry after Universal Music Group (UMG) and Sony Music Entertainment (SME).,LABEL
Liberation Music is an Australian record company and label started in 1999 by Michael Gudinski and Warren Costello based in Melbourne. Its stated aim is to find nurture and then to develop new talent for a world market while remaining independent in the process.,LABEL
Mushroom Records was an Australian flagship record label founded in 1972 in Melbourne. It published and distributed many successful Australian artists and expanded internationally until it was merged with Festival Records in 1998. Festival Mushroom Records was later acquired by Warner Bros.,LABEL
EMI Group Limited (originally an initialism for Electric and Musical Industries also referred to as EMI Records Ltd. or simply EMI) was a British transnational conglomerate founded in March 1931 in London. At the time of its break-up in 2012 it was the fourth largest business group and record label conglomerate in the music industry and was one of the "Big Four" record companies (now the "Big Three").,LABEL
Infest is the second studio album and major-label debut by the American rock band Papa Roach. It was released on April 25 2000 through DreamWorks Records and became the 20th highest-selling album of 2000 in the United States. The sound of the album is nu metal and rap metal.,ALBUM
The Burning Red is the third studio album by the American groove metal band Machine Head. It is the band's second best selling album in the US selling as many copies in three years as Burn My Eyes sold in almost eight years (1994–2002). The album has sold over 134000 copies in the US and it was certified silver in 2011 by the BPI for sales of 60000 in the UK.,ALBUM
See full list in Category:Pearl Jam Official Bootlegs.The Pearl Jam "Official" Bootlegs are a large continually growing series of live albums by the American alternative rock band Pearl Jam. Pearl Jam noted the desire of fans to own a copy of the shows they attended and the popularity of bootleg recordings. The band had been open in the past about allowing fans to make amateur recordings and these "official bootlegs" were an attempt to provide a more affordable and better quality product for fans.,ALBUM
Holy Wood (In the Shadow of the Valley of Death) is the fourth studio album by American rock band Marilyn Manson. It was released on November 11 2000 by Nothing and Interscope Records.  A rock opera concept album it is the final installment of a triptych that also included Antichrist Superstar (1996) and marked a return to the industrial metal style of the band's earlier work after the glam rock-influenced production of Mechanical Animals (1998).,ALBUM
L.D. 50 is the debut studio album by American heavy metal band Mudvayne. Released in 2000 it is the band's first release on Epic Records following the independently released extended play Kill I Oughtta. L.D. 50 was co-produced by Garth Richardson & Mudvayne and executive produced by Steve Richards & Slipknot member Shawn "Clown" Crahan.,ALBUM
Monster Ballads is the first in a series of compilation albums that feature popular power ballads usually from the glam metal and soft rock genre many of which charted in the Top 10 of the Billboard Hot 100. Like Monsters of Rock it was released in both single and 2 disc versions which were heavily promoted by TV commercials. The single disc version (containing 16 songs) was eventually certified platinum by the RIAA in 1999 while the 2 disc version (containing 35 songs) was certified gold that same year.,ALBUM
Felons and Revolutionaries is the debut studio album by the American band Dope. The album was released in 1999 on Epic Records and has sold over 236000 copies in the United States making it their best-selling album to date. It was re-released on June 17 2000 with the single "You Spin Me Round (Like a Record)" (Dead or Alive cover) as a bonus track.,ALBUM
Tonight the Stars Revolt! is the second major label studio album by American rock band Powerman 5000. It was released on July 20 1999 by DreamWorks Records.,ALBUM
This Is Your Time is Michael W. Smith's fourteenth studio album released on November 23 1999. All the songs from this album except "This Is Your Time" and "This Is Your Time (Reprise)" were originally recorded for his previous studio album Live the Life but did not make the final cut for the album.,ALBUM
Oops!... I Did It Again is the second studio album by American singer Britney Spears. It was released on May 16 2000 in the United States through Jive Records.,ALBUM
The Billboard Hot 100 is the music industry standard record chart in the United States for songs published weekly by Billboard magazine. Chart rankings are based on sales (physical and digital) radio play and online streaming in the United States.,CHART
The Billboard Hot 100 is the music industry standard record chart in the United States for songs published weekly by Billboard magazine. Chart rankings are based on sales (physical and digital) radio play and online streaming in the United States.,CHART
Megadeth is an American heavy metal band from Los Angeles California. Guitarist Dave Mustaine and bassist David Ellefson formed the band in 1983 shortly after Mustaine's dismissal from Metallica. Along with Metallica Anthrax and Slayer Megadeth is one of the "big four" of American thrash metal responsible for its development and popularization.,BAND
Darkane is a Swedish extreme metal band that originated in Helsingborg in 1998. Their music contains ample thrash elements interspersed with acoustic interludes and symphonic features such as the in studio use of synthesizers and occasionally full orchestras and choir singing. The name Darkane is a portmanteau of the words "dark" and "arcane".,BAND
Matchbox Twenty (previously Matchbox 20 and frequently shortened to MB20) is an American rock band formed in Orlando Florida in 1995. The group currently consists of Rob Thomas (lead vocals guitar keyboards) Brian Yale (bass guitar) Paul Doucette (drums rhythm guitar backing vocals) and Kyle Cook (lead guitar vocals).,BAND
Skinny Puppy is a Canadian industrial music group formed in Vancouver British Columbia in 1982. The group is widely considered to be one of the founders of the industrial rock and electro-industrial genres. Initially envisioned as an experimental side project by cEvin Key (Kevin Crompton) while he was in the new wave band Images in Vogue Skinny Puppy evolved into a full-time project with the addition of vocalist Nivek Ogre (Kevin Ogilvie).,BAND
NSYNC ( ; also stylized as *NSYNC or 'N Sync) was an American boy band formed in Orlando Florida in 1995 and launched in Germany by BMG Ariola Munich. NSYNC consisted of Justin Timberlake JC Chasez Chris Kirkpatrick Joey Fatone and Lance Bass. Their self-titled debut album was successfully released to European countries in 1997 and later debuted in the US market with the single "I Want You Back".,BAND
The Smashing Pumpkins (or Smashing Pumpkins) are an American alternative rock band from Chicago Illinois. Formed in 1988 by frontman Billy Corgan (lead vocals guitar) D'arcy Wretzky (bass) James Iha (guitar) and Jimmy Chamberlin (drums) the band has undergone many line-up changes. The current lineup features Corgan Chamberlin Iha and guitarist Jeff Schroeder.,BAND
Mudvayne was an American heavy metal band from Peoria Illinois formed in 1996. They are known for their sonic experimentation innovative album art face and body paint masks and uniforms. The band has sold over six million records worldwide including nearly three million in the United States.,BAND
Machine Head is an American heavy metal band from Oakland California. The band was formed in 1991 by vocalist/guitarist Robb Flynn and bassist Adam Duce. The band's aggressive musicianship made it one of the pioneering bands in the new wave of American heavy metal and it is also considered to be part of the second wave of thrash metal bands from the 1990s.,BAND
Garbage is an American rock band formed in Madison Wisconsin in 1993. The band consists of Scottish singer and musician Shirley Manson and American musicians Duke Erikson Steve Marker and Butch Vig. All four members are involved in songwriting and production.,BAND
The Sugababes are a British girl group composed of Keisha Buchanan Mutya Buena and Siobhán Donaghy. Formed in 1998 they released their debut album One Touch through London Records in November 2000 which achieved moderate success and spawned the hit single Overload. In 2001 Donaghy departed the group and was replaced by Heidi Range.,BAND
Five Iron Frenzy is an American band formed in Denver Colorado in 1995. Best known for playing ska punk music characterized by an offbeat sense of humor and prominent Christian themes Five Iron was one of the pioneering figures of the Christian ska movement which emerged with ska's mainstream revival in the 1990s. Since 2000 the band's music has shifted away from ska to embrace stronger alternative rock and pop punk influences though continues to feature Christian overtones despite several members' changes in religious beliefs.Five Iron experienced their greatest commercial success during the late 1990s as part of the American ska revival touring prolifically within both Christian and secular markets where the band gained a cult following for their energetic live shows typified by humorous stage antics which often drew attention to various social causes and charities.,BAND
NSYNC ( ; also stylized as *NSYNC or 'N Sync) was an American boy band formed in Orlando Florida in 1995 and launched in Germany by BMG Ariola Munich. NSYNC consisted of Justin Timberlake JC Chasez Chris Kirkpatrick Joey Fatone and Lance Bass. Their self-titled debut album was successfully released to European countries in 1997 and later debuted in the US market with the single "I Want You Back".,BAND
The Haunted is a Swedish extreme metal band from Gothenburg formed in 1996.,BAND
Ministry of Sound Group is a multimedia entertainment business based in London with a nightclub shared workspace and private members club worldwide events operation music publishing business and fitness studio.,BAND
Morphine was an American alternative rock group formed by Mark Sandman Dana Colley and Jerome Deupree in Cambridge Massachusetts in 1989.  After five successful albums and extensive touring they disbanded after lead vocalist Sandman died of a heart attack onstage in Palestrina Italy on July 3 1999. Founding members have reformed into the band Vapors of Morphine maintaining much of the original style and sound.,BAND
The Smashing Pumpkins (or Smashing Pumpkins) are an American alternative rock band from Chicago Illinois. Formed in 1988 by frontman Billy Corgan (lead vocals guitar) D'arcy Wretzky (bass) James Iha (guitar) and Jimmy Chamberlin (drums) the band has undergone many line-up changes. The current lineup features Corgan Chamberlin Iha and guitarist Jeff Schroeder.,BAND
Limp Bizkit is an American rap rock band from Jacksonville Florida. Their lineup consists of Fred Durst (lead vocals) Sam Rivers (bass backing vocals) John Otto (drums percussion) DJ Lethal (turntables) and Wes Borland (guitars vocals). Their music is marked by Durst's angry vocal delivery and Borland's sonic experimentation.,BAND
Tool is an American rock band from Los Angeles. Formed in 1990 the group's line-up includes drummer Danny Carey guitarist Adam Jones and vocalist Maynard James Keenan. Justin Chancellor has been the band's bassist since 1995 replacing their original bassist Paul D'Amour.,BAND
Olsen Brothers (Danish: Brødrene Olsen) are a Danish rock/pop music duo formed by brothers Jørgen (born 15 March 1950) and Niels "Noller" Olsen (born 13 April 1954) who won the Eurovision Song Contest in 2000. They formed their first band The Kids in 1965. The Kids warmed up for The Kinks in the K.B. Hallen in 1965 and released their first single in 1967.,BAND
311 (pronounced "three-eleven") is an American rock band from Omaha Nebraska. The band was formed in 1988 by vocalist and guitarist Nick Hexum lead guitarist Jim Watson (a member briefly before being replaced by Tim Mahoney in 1990) bassist Aaron "P-Nut" Wills and drummer Chad Sexton. In 1992 Doug "SA" Martinez joined to sing and provide turntables for 311's later albums.,BAND
Ministry of Sound Australia is the Australian subsidiary label of Ministry of Sound Recordings Ltd currently operating out of the offices of Sony Music Entertainment Australia.,BAND
Oasis were an English rock band formed in Manchester in 1991. Developed from an earlier group the Rain the band originally consisted of Liam Gallagher (lead vocals tambourine) Paul Arthurs (guitar) Paul McGuigan (bass guitar) and Tony McCarroll (drums). Upon returning to Manchester Liam's older brother Noel Gallagher (lead guitar vocals) joined as a fifth member which formed the band's core and settled line-up.,BAND
Rammstein (German pronunciation: [ˈʁamʃtaɪn]) is a German Neue Deutsche Härte band formed in Berlin in 1994. Their lineup has remained unchanged throughout their history composed of lead vocalist Till Lindemann lead guitarist Richard Z. Kruspe rhythm guitarist Paul Landers bassist Oliver Riedel drummer Christoph Schneider and keyboardist Christian "Flake" Lorenz. Prior to their formation some members were associated with East German punk rock acts Feeling B and First Arsch.,BAND
The Allman Brothers Band was an American rock band formed in Jacksonville Florida in 1969 by brothers Duane Allman (founder slide guitar and lead guitar) and Gregg Allman (vocals keyboards songwriting) as well as Dickey Betts (lead guitar vocals songwriting) Berry Oakley (bass guitar) Butch Trucks (drums) and Jai Johanny "Jaimoe" Johanson (drums). The band incorporated elements of blues jazz and country music and their live shows featured jam band-style improvisation and instrumentals.,BAND
The Spice Girls are an English pop girl group formed in 1994. The group comprises Melanie Brown also known as Mel B ("Scary Spice") Melanie Chisholm also known as Mel C ("Sporty Spice") Emma Bunton ("Baby Spice") Geri Halliwell ("Ginger Spice") and Victoria Beckham ("Posh Spice"). They were signed to Virgin Records and released their debut single "Wannabe" in 1996; it hit number one in 37 countries and commenced their global success.,BAND
Santana is an American rock band formed in San Francisco in 1966 by Mexican-American guitarist and songwriter Carlos Santana. The band has undergone multiple recording and performing line-ups in its history with Santana the only consistent member. Santana had early success with their appearance at Woodstock in 1969 and their first three albums Santana (1969) Abraxas (1970) and Santana III (1971).,BAND
Atari Teenage Riot (abbreviated ATR) is a German band formed in Berlin in 1992. The name is taken from a Portuguese Joe song entitled "Teenage Riot" from the album Teen-age Riot with the word 'Atari' added as an Atari ST computer was used to create compositions. Highly political they fuse left-wing anarchist anti-fascist views with punk vocals and a techno sound called digital hardcore which is a term band member Alec Empire used as the name of his record label.,BAND
U2 are  an Irish rock band from Dublin formed in 1976. The group consists of Bono (lead vocals and rhythm guitar) the Edge (lead guitar keyboards and backing vocals) Adam Clayton (bass guitar) and Larry Mullen Jr. (drums and percussion).,BAND
KMFDM (originally Kein Mehrheit Für Die Mitleid loosely translated by the band as "no pity for the majority") is a German industrial band from Hamburg led by multi-instrumentalist Sascha Konietzko who founded the group in 1984 as a performance art project.,BAND
Disturbed is an American heavy metal band from Chicago formed in 1994. The band includes vocalist David Draiman guitarist/keyboardist Dan Donegan bassist John Moyer and drummer Mike Wengren. Draiman Donegan and Wengren have been involved in the band since its inception with Moyer replacing former bassist Steve Kmak first as session performer in 2003 and then officially in 2005.,BAND
Static-X is an American industrial metal band from Los Angeles California formed in 1994. The line-up has fluctuated over the years but was long-held constant with band founder frontman vocalist and guitarist Wayne Static until 2014.,BAND
Blink-182 (often stylized in all lowercase as blink-182) is an American rock band formed in Poway California in 1992. Since 2015 the lineup of the band has consisted of bass guitarist and vocalist Mark Hoppus drummer Travis Barker and guitarist and vocalist Matt Skiba. Founded by Hoppus guitarist and vocalist Tom DeLonge and drummer Scott Raynor the band emerged from the Southern California punk scene of the early 1990s and first gained notoriety for high-energy live shows and irreverent lyrical toilet humor.,BAND
Dope is an American rock band from New York City New York formed in 1997.,BAND
New Radicals (stylized as Иew Radicals) was an American alternative rock band active from 1997 to 1999. The band centered on frontman Gregg Alexander who wrote and produced all of their songs. The band's only other permanent member was keyboardist and percussionist  Danielle Brisebois.,BAND
Metallica is an American heavy metal band. The band was formed in 1981 in Los Angeles by vocalist/guitarist James Hetfield and drummer Lars Ulrich and has been based in San Francisco for most of its career. The band's fast tempos instrumentals and aggressive musicianship made them one of the founding "big four" bands of thrash metal alongside Megadeth Anthrax and Slayer.,BAND
Powerman 5000 (also known as  PM5K) is an American industrial metal band formed in 1991. The group has released nine albums gaining its highest level of commercial success with 1999's Tonight the Stars Revolt! which reached number 29 on the Billboard 200 while spawning the singles "When Worlds Collide" and "Nobody's Real". Frontman Spider One is the younger brother of fellow metal musician Rob Zombie.,BAND
Rage Against the Machine (often abbreviated as RATM and shortened to simply Rage) is an American rock band from Los Angeles California. Formed in 1991 the group consists of vocalist Zack de la Rocha bassist and backing vocalist Tim Commerford guitarist Tom Morello and drummer Brad Wilk. Their songs express revolutionary political views.,BAND
The Rolling Stones are an English rock band formed in London in 1962. The first stable line-up consisted of bandleader Brian Jones (guitar harmonica keyboards) Mick Jagger (lead vocals harmonica) Keith Richards (guitar vocals) Bill Wyman (bass guitar) Charlie Watts (drums) and Ian Stewart (piano). Stewart was removed from the official line-up in 1963 but continued to work with the band as a contracted musician until his death in 1985.,BAND
Cassandra Wilson (born December 4 1955) is an American jazz singer songwriter and producer from Jackson Mississippi. Described by critic Gary Giddins as "a singer blessed with an unmistakable timbre and attack [who has] expanded the playing field" by incorporating blues country and folk music into her work.,PERSON
Shirley Ann Manson (born 26 August 1966) is a Scottish singer songwriter musician and actress. She is best known as the lead singer of the alternative rock band Garbage. Manson gained media attention for her forthright style rebellious attitude and distinctive voice.,PERSON
Theodore Anthony Nugent (; born December 13 1948) is an American singer-songwriter guitarist and political activist. Nugent initially gained fame as the lead guitarist of The Amboy Dukes a band formed in 1963 that played psychedelic rock and hard rock. After dissolving the Amboy Dukes he embarked on a solo career.,PERSON
Sir Michael Philip Jagger (born 26 July 1943) is an English singer songwriter actor and film producer who gained worldwide fame as the lead singer and one of the founder members of the Rolling Stones. Jagger's career has spanned over five decades and he has been described as "one of the most popular and influential frontmen in the history of rock & roll". His distinctive voice and energetic live performances along with Keith Richards' guitar style have been the trademark of the Rolling Stones throughout the band's career.,PERSON
Wynonna Ellen Judd (; born Christina Claire Ciminella; May 30 1964) is a multi award-winning American country music singer. Her solo albums and singles are all credited to the single name Wynonna. She first rose to fame in the 1980s alongside her mother Naomi in the country music duo The Judds.,PERSON
Sir James Paul McCartney  (born 18 June 1942) is an English singer songwriter musician composer and record and film producer who gained worldwide fame as co-lead vocalist and bassist for the Beatles. His songwriting partnership with John Lennon remains the most successful in history. After the group disbanded in 1970 he pursued a solo career and formed the band Wings with his first wife Linda and Denny Laine.,PERSON
The Chemical Brothers are a British electronic music duo composed of Tom Rowlands and Ed Simons originating in Manchester in 1989. Along with the Prodigy Fatboy Slim and other fellow acts they were pioneers at bringing the big beat genre to the forefront of pop culture. They achieved widespread success when their second album Dig Your Own Hole topped the UK charts in 1997.,PERSON
Michael Joseph Jackson (August 29 1958 – June 25 2009) was an American singer songwriter and dancer. Dubbed the "King of Pop" he is regarded as one of the most significant cultural figures of the 20th century and one of the greatest entertainers in the history of music. Jackson's contributions to music dance and fashion along with his publicized personal life made him a global figure in popular culture for over four decades.,PERSON
Tina Turner (born Anna Mae Bullock; November 26 1939) is a singer and actress originally from the United States and now a Swiss citizen. Turner rose to prominence as part of the Ike & Tina Turner Revue before launching a successful career as a solo performer. One of the best-selling recording artists of all time she has been referred to as The Queen of Rock 'n' Roll and has sold more than 200 million records worldwide.,PERSON
Paul Bruce Dickinson (born 7 August 1958) is an English singer songwriter musician airline pilot entrepreneur author and broadcaster. He is known for his work as the lead singer of the heavy metal band Iron Maiden and is renowned for his wide-ranging operatic vocal style and energetic stage presence.,PERSON
Céline Marie Claudette Dion  ( also UK:  French: [selin maʁi klodɛt djɔ̃] Quebec French: [- d͡zjɔ̃]; born 30 March 1968) is a Canadian singer. Born into a large family from Charlemagne Quebec she emerged as a teen star in her homeland with a series of French-language albums during the 1980s. She first gained international recognition by winning both the 1982 Yamaha World Popular Song Festival and the 1988 Eurovision Song Contest where she represented Switzerland.,PERSON
Inga DeCarlo Fung Marchand (born September 6 1978) of the stage name Foxy Brown is an American rapper who emerged into stardom surrounding her debut album Ill Na Na released in 1996. She was also part of the short-lived rap group the Firm.,PERSON
Prince Rogers Nelson (June 7 1958 – April 21 2016) was an American singer songwriter musician record producer dancer actor and filmmaker. A guitar virtuoso and multi-instrumentalist known for his genre-crossing work wide-ranging singing voice and flamboyant stage appearances he is regarded as one of the  greatest musicians in the history of popular music. His innovative music integrated a wide variety of styles including funk R&B rock new wave soul psychedelia and pop.,PERSON
William Martin Joel (born May 9 1949) is an American singer-songwriter composer and pianist. Commonly nicknamed the "Piano Man" after his first major hit and signature song of the same name he has led a commercially successful career as a solo artist since the 1970s having released twelve studio albums from 1971 to 1993 as well as one studio album in 2001. He is one of the best-selling music artists of all time as well as the sixth best-selling recording artist and the third best-selling solo artist in the United States with over 150 million records sold worldwide.,PERSON
Mariah Carey (born March 27 1969 or 1970) is an American singer songwriter record producer actress entrepreneur and philanthropist. Referred to as the "Songbird Supreme" by Guinness World Records she is noted for her five-octave vocal range melismatic singing style and signature use of the whistle register. She rose to fame in 1990 after signing to Columbia Records and releasing her eponymous debut album which topped the U.S. Billboard 200 for eleven consecutive weeks.,PERSON
Kathryn Dawn Lang  (born November 2 1961) known by her stylized stage name k.d. lang is a Canadian pop and country singer-songwriter and occasional actress.,PERSON
Lauryn Noelle Hill (born May 26 1975) is an American singer songwriter and rapper known for being a member of Fugees and for her solo album The Miseducation of Lauryn Hill which won many awards and broke several sales records. Raised mostly in South Orange New Jersey Hill began singing with her music-oriented family during her childhood.  In high school Hill was approached by Pras Michel for a band he started which his friend Wyclef Jean soon joined.,PERSON
Gary Francis Caine Cherone ( shə-ROHN; born July 26 1961) is an American rock singer and songwriter. Cherone is known for his work as the lead vocalist of the Boston rock group Extreme and for his short stint as the lead vocalist for Van Halen. He has also released solo recordings.,PERSON
Paul Francis Gadd (born 8 May 1944) known professionally as Gary Glitter is an English glam rock singer who achieved success in the 1970s and 1980s known for his extreme glam image of glitter suits make-up and platform boots and his energetic live performances. He sold over 20 million records had 26 hit singles which spent a total of 180 weeks in the UK Singles Chart; twelve reaching the Top 10 with three charting at number-one. He is listed in the Top 100 UK most successful chart acts.,PERSON
Paul David Hewson KBE OL (born 10 May 1960) known by his stage name Bono () is an Irish singer-songwriter musician venture capitalist businessman and philanthropist. He is best known as the lead vocalist and primary lyricist of rock band U2.,PERSON
Tripp Eisen (born Tod Rex Salvador; June 29 1965) is an American musician and convicted sex offender best known as the former guitarist of the industrial metal band Static-X. He is the guitarist for Face Without Fear and a former member of Dope Murderdolls Fractured Mirror (Ace Frehley tribute band) and Roughhouse  (formerly Teeze)Born in Pen Argyl Pennsylvania Eisen has made known his libertarian views to many fans throughout his years as a musician. He is a follower of Objectivism the philosophy of Ayn Rand.,PERSON
Sir John Kenneth Tavener (28 January 1944 – 12 November 2013) was an English composer known for his extensive output of religious works including The Protecting Veil Song for Athene and The Lamb.,PERSON
Madonna Louise Ciccone ( Italian: [tʃikˈkoːne]; born August 16 1958) is an American singer songwriter and actress. Referred to as the "Queen of Pop" since the 1980s Madonna is known for pushing the boundaries of songwriting in popular music and for the visuals she uses onstage and in music videos. She has frequently reinvented her music and image while remaining completely in charge of every aspect of her career.,PERSON
William Patrick "Billy" Corgan Jr. (born March 17 1967) is an American musician and songwriter who is the lead singer primary songwriter guitarist and sole permanent member of The Smashing Pumpkins in addition to being the owner and promoter of the National Wrestling Alliance. Formed by Corgan and guitarist James Iha in Chicago Illinois in 1988 the Smashing Pumpkins quickly gained steam with the addition of bassist D'arcy Wretzky and drummer Jimmy Chamberlin.,PERSON
Adrian Frederick "H" Smith (born 27 February 1957) is an English guitarist and member of Iron Maiden for whom he writes songs and performs live backing vocals on some tracks.,PERSON
Prince Rogers Nelson (June 7 1958 – April 21 2016) was an American singer songwriter musician record producer dancer actor and filmmaker. A guitar virtuoso and multi-instrumentalist known for his genre-crossing work wide-ranging singing voice and flamboyant stage appearances he is regarded as one of the  greatest musicians in the history of popular music. His innovative music integrated a wide variety of styles including funk R&B rock new wave soul psychedelia and pop.,PERSON
Heather Louise McCartney (born Heather Louise See; December 31 1962) is an American-British potter and artist who is the daughter of Linda McCartney and stepdaughter of Sir Paul McCartney.,PERSON
"...Baby One More Time" is the debut single by American singer Britney Spears from her debut studio album of the same title (1999). It was written by Max Martin and produced by Martin and Rami. After recording and sending a demo tape with an unused song from Toni Braxton Spears signed a multi-album deal with Jive.,PERSON
Robert Kelly Thomas (born February 14 1972) is an American singer songwriter and musician best known as the lead singer of rock band Matchbox Twenty. Thomas also records and performs as a solo artist with "Lonely No More" released in 2005 becoming his biggest solo chart success. Thomas received three Grammy Awards for co-writing and singing on the 1999 hit "Smooth" by Santana.,PERSON
Richard Thompson  (born 3 April 1949) is an English singer songwriter and guitarist.Thompson first gained prominence in the late 1960s as the lead guitarist and songwriter for the folk rock group Fairport Convention which he had co-founded in 1967. After departing the group in 1971 Thompson released his debut solo album Henry the Human Fly in 1972. The next year he formed a duo with his then-wife Linda Thompson which produced six albums including the critically acclaimed I Want to See the Bright Lights Tonight (1974) and Shoot Out the Lights (1982).,PERSON
Cassie René Bernall (November 6 1981 – April 20 1999) was a student killed in the Columbine High School massacre where 11 more students and a teacher were killed by Eric Harris and Dylan Klebold who then committed suicide. It was reported that Bernall had been asked whether or not she believed in God and she said "Yes" before being shot during the massacre. However Dave Cullen in his book Columbine concludes that the person asked about their belief in God was Valeen Schnurr who survived the shooting.In September 2000 Bernall's mother Misty released the book She Said Yes: The Unlikely Martyrdom of Cassie Bernall.,PERSON
Sir George Ivan "Van" Morrison OBE (born 31 August 1945) is a Northern Irish singer-songwriter instrumentalist and record producer. His professional career began as a teenager in the late 1950s playing a variety of instruments including guitar harmonica keyboards and saxophone for various Irish showbands covering the popular hits of that time. Van Morrison rose to prominence in the mid-1960s as the lead singer of the Northern Irish R&B band Them with whom he recorded the garage band classic "Gloria".,PERSON
Christina María Aguilera ( Spanish: [aɣiˈleɾa]; born December 18 1980) is an American singer songwriter actress and television personality. Her accolades include five Grammy Awards one Latin Grammy Award and a star on the Hollywood Walk of Fame. Aguilera ranked at number 58 on Rolling Stone's list of 100 Greatest Singers of All Time in 2008 and was included on Time's annual list of the 100 most influential people in the world in 2013.,PERSON
Sir Elton Hercules John  (born Reginald Kenneth Dwight; 25 March 1947) is an English singer songwriter pianist and composer. He has worked with lyricist Bernie Taupin since 1967; they have collaborated on more than 30 albums. John has sold more than 300 million records making him one of the best-selling music artists.,PERSON
Shawn Colvin (born Shawna Lee Colvin January 10 1956) is an American singer-songwriter and musician. While Colvin has been a solo recording artist for decades she is perhaps best known for her 1997 Grammy Award-winning song "Sunny Came Home".,PERSON
David Robert Jones (8 January 1947 – 10 January 2016) known professionally as David Bowie ( BOH-ee) was an English singer-songwriter and actor. He was a leading figure in the music industry and is considered one of the most influential musicians of the 20th century. He was acclaimed by critics and musicians particularly for his innovative work during the 1970s.,PERSON
Russell Tyrone Jones (November 15 1968 – November 13 2004) better known by his stage name Ol' Dirty Bastard (often abbreviated as O.D.B.) was an American rapper and producer. He was one of the founding members of the Wu-Tang Clan a rap group primarily from Staten Island New York which rose to mainstream prominence with its 1993 debut album Enter the Wu-Tang (36 Chambers).His professional success was hampered by frequent legal troubles including incarceration. He died on November 13 2004 of a drug overdose two days before his 36th birthday.Ol' Dirty Bastard was noted for his "outrageously profane free-associative rhymes delivered in a distinctive half-rapped half-sung style".,PERSON
Roberta Joan "Joni" Mitchell  (née Anderson; born November 7 1943) is a Canadian singer-songwriter. Drawing from folk pop rock and jazz Mitchell's songs often reflect social and environmental ideals as well as her feelings about romance confusion disillusionment and joy. She has received many accolades including nine Grammy Awards and induction into the Rock and Roll Hall of Fame in 1997.,PERSON
Tracy Darrell Adkins (born January 13 1962) is an American country singer and actor. Adkins made his debut in 1996 with the album Dreamin' Out Loud released on Capitol Records Nashville. Since then Adkins has released ten more studio albums and two Greatest Hits compilations.,PERSON
Geraldine Estelle Horner (née Halliwell) (born 6 August 1972) is an English singer songwriter author philanthropist and actress. Halliwell came to international prominence in the 1990s as Ginger Spice a member of the  wildly successful girl group the Spice Girls which was also the best-selling girl group of all time with over 85 million records sold of which 75 million copies were sold with the quintet line-up including Halliwell. The phrase "girl power" regularly uttered by all five members was most closely associated with Halliwell.,PERSON
Koichi Fukuda (born July 1 1975 in Osaka Japan) is a Japanese musician best known as the lead guitarist programmer and keyboardist for the industrial metal band Static-X; he has been a member of the band three times initially from 1994 to 2000 again from 2005 to 2010 and since 2018. He was also the former lead guitarist of the bands Drugstore Fanatics and Bellusira.,PERSON
Isaac Stern (July 21 1920 – September 22 2001) was an American violinist.,PERSON
Sir Roderick David Stewart  (born 10 January 1945) is a British rock singer and songwriter. Born and raised in London he is of Scottish and English ancestry. Stewart is one of the best-selling music artists of all time having sold over 120 million records worldwide.,PERSON
Mary Chapin Carpenter (born February 21 1958) is an American singer-songwriter. Carpenter spent several years singing in Washington D.C. clubs before signing in the late 1980s with Columbia Records who marketed her as a country singer. Carpenter's first album 1987's Hometown Girl did not produce any singles although 1989's State of the Heart and 1990's Shooting Straight in the Dark each produced four Top 20 hits on the Billboard country singles charts.,PERSON
Stella Nina McCartney  (born 13 September 1971) is an English fashion designer. She is a daughter of American photographer musician and animal rights activist Linda McCartney and singer-songwriter and former Beatle Sir Paul McCartney. Like her parents McCartney is a firm supporter of animal rights and is particularly known for her use of vegetarian and animal-free alternatives in her work.,PERSON
Sharon Rachel Osbourne (née Levy; born 9 October 1952) is an English television personality and businesswoman. She is married to heavy metal singer-songwriter Ozzy Osbourne and first came into public prominence after appearing on The Osbournes a reality television show that followed her family's daily life. Osbourne later became a talent show judge on television shows such as the British and original version of The X Factor from 2004 to 2007 returning in 2013 and again from 2016 to 2017.,PERSON
Michael Francis Moore (born April 23 1954) is an American documentary filmmaker and author. His works frequently address the topics of globalization and capitalism.,PERSON
Mark-Anthony Turnage CBE (born 10 June 1960) is an English composer of classical music.,PERSON
Britney Jean Spears (born December 2 1981) is an American singer songwriter dancer and actress. Born in McComb Mississippi and raised in Kentwood Louisiana she appeared in stage productions and television series before signing with Jive Records in 1997. Spears's first two studio albums ...Baby One More Time (1999) and Oops!...,PERSON
Gordon Matthew Thomas Sumner  (born 2 October 1951) known as Sting is an English musician and actor. He was the principal songwriter lead singer and bassist for the new wave rock band the Police from 1977 to 1984 and launched a solo career in 1985. Sting has included elements of rock jazz reggae classical new-age and worldbeat in his music.As a solo musician and a member of the Police Sting has received 17 Grammy Awards: he won Song of the Year for "Every Breath You Take" three Brit Awards including Best British Male Artist in 1994 and Outstanding Contribution in 2002 a Golden Globe an Emmy and four nominations for the Academy Award for Best Original Song.,PERSON
Adrian Erlandsson (born 27 October 1970 in Malmö Sweden) is a Swedish heavy metal drummer who currently plays in At the Gates (1990–1996 2007–2008 2010–)  The Haunted (1996–1999 2013–) Netherbird and Nemhain. He has also been a member of H.E.A.L. (1994–1996) Hyperhug (1994–1996) Decameron (1997) Cradle of Filth (1999–2006) and Needleye (2006–?) Brujeria (2006–2013) and Yorkshire doom metal band Paradise Lost (2009–2016).,PERSON
Tom DeLonge () (born December 13 1975) is an American musician singer songwriter author record producer actor and filmmaker. Possessing a distinctive nasal singing voice he is the lead vocalist and guitarist of the rock band Angels & Airwaves which he formed in 2005 and was the co-lead vocalist guitarist and co-founder of the rock band Blink-182 from its formation in 1992 until his dismissal from the group in 2015.,PERSON
Per Møller Jensen (born 19 November 1973) is a Danish drummer best known as the former drummer for the Swedish thrash metal band The Haunted. He has earlier played drums in Invocator Konkhra and Nightrage. He also played drums for Artillery’s Album B.A.C.K.,PERSON
Steven Patrick Morrissey (; born 22 May 1959) known mononymously as Morrissey is an English singer songwriter and author. He came to prominence as the frontman of the rock band the Smiths which was active from 1982 to 1987. Since then he has pursued a commercially successful solo career.,PERSON
Guy Stuart Ritchie (born 10 September 1968) is an English film director producer writer and businessman. He is known for his British gangster films and Sherlock Holmes franchise. ,PERSON
Sinéad Marie Bernadette O'Connor ( shin-AYD oh-KON-ər; born 8 December 1966) is an Irish singer-songwriter who rose to fame in the late 1980s with her debut album The Lion and the Cobra. O'Connor achieved worldwide success in 1990 with a new arrangement of Prince's song "Nothing Compares 2 U".,PERSON
Cynthia Ann Stephanie Lauper (born June 22 1953) is an American singer songwriter actress and activist. Her career has spanned over 40 years. Her album She's So Unusual (1983) was the first debut album by a female artist to achieve four top-five hits on the Billboard Hot 100—"Girls Just Want to Have Fun" "Time After Time" "She Bop" and "All Through the Night"—and earned Lauper the Best New Artist award at the 27th Grammy Awards in 1985.,PERSON
Timothy Robert Commerford (born February 26 1968) is an American musician best known as the bassist and backing vocalist for the American rock band Rage Against the Machine (1991–2000; 2007–2011; 2019-present) supergroups Audioslave (2001–2007; 2017) and Prophets of Rage (2016–2019). Since 2013 and 2015 he has also been the lead singer and bassist of the bands Future User and WAKRAT.,PERSON
James Vernon Taylor (born March 12 1948) is an American singer-songwriter and guitarist. A five-time Grammy Award winner he was inducted into the Rock and Roll Hall of Fame in 2000. He is one of the best-selling music artists of all time having sold more than 100 million records worldwide.Taylor achieved his breakthrough in 1970 with the No. 3 single "Fire and Rain" and had his first No. 1 hit in 1971 with his recording of "You've Got a Friend" written by Carole King in the same year.,PERSON
Bob Dylan (born Robert Allen Zimmerman; May 24 1941) is an American singer-songwriter author and visual artist who has been a major figure in popular culture for more than fifty years. Much of his most celebrated work dates from the 1960s when songs such as "Blowin' in the Wind" (1963) and "The Times They Are a-Changin'" (1964) became anthems for the civil rights movement and anti-war movement. His lyrics during this period incorporated a wide range of political social philosophical and literary influences defied pop-music conventions and appealed to the burgeoning counterculture.,PERSON
Joseph Henry "T Bone" Burnett III (born January 14 1948) is an American record producer musician and songwriter. Burnett rose to fame as a guitarist in Bob Dylan's band during the 1970s. He has received multiple Grammy awards for his work in film music including for O Brother Where Art Thou?,PERSON
Rachel Hunter (born 8 September 1969) is a New Zealand model actress and the host of Imagination Television's Rachel Hunter's Tour of Beauty. She has appeared on several magazine covers including Vogue Elle Rolling Stone Sports Illustrated,PERSON
Mark Sandman (September 24 1952 – July 3 1999) was an American singer songwriter musical instrument inventor multi-instrumentalist and comic writer. Sandman possessed a distinctive deep Bass-Baritone voice and a mysterious demeanour. He was an indie rock icon and longtime fixture in the Boston/Cambridge music scene best known as the lead singer and slide bass player of the band Morphine.,PERSON
Marshall Bruce Mathers III (born October 17 1972) known professionally as Eminem (; often stylized as EMINƎM) is an American rapper songwriter record producer record executive and actor. He is one of the most successful artists of the 21st century. In addition to his solo career Eminem was a member of the hip hop group D12.,PERSON
Gregg Alexander (born Gregory Aiuto; May 4 1970) is an American singer-songwriter and producer best known as the frontman of the New Radicals who produced and co-wrote the international hit "You Get What You Give" in late 1998. In the late 1980s and early 1990s he recorded two solo albums Michigan Rain and Intoxifornication. He dissolved the New Radicals in 1999 to focus on production and songwriting work winning a Grammy Award for the song "The Game of Love" in 2003.,PERSON
Forrest Richard Betts (born December 12 1943) known as Dickey Betts is an American guitarist singer songwriter and composer best known as a founding member of The Allman Brothers Band.,PERSON
Kathryn Dawn Lang  (born November 2 1961) known by her stylized stage name k.d. lang is a Canadian pop and country singer-songwriter and occasional actress.,PERSON
Warren Haynes (born April 6 1960) is an American musician singer and songwriter.  Haynes is best known for his work as longtime guitarist with the Allman Brothers Band and as founding member of the jam band Gov't Mule. Early in his career he was a guitarist for David Allan Coe and The Dickey Betts Band.,PERSON
Gwyneth Kate Paltrow (; born September 27 1972) is an American actress singer author and businesswoman. She has received numerous accolades for her work including an Academy Award a Golden Globe Award and a Primetime Emmy Award. Her films have grossed $3.3 billion at the U.S. box office and $8.8 billion worldwide.Paltrow gained very early notice for her work in films such as Seven (1995) Emma (1996) Sliding Doors (1998) and A Perfect Murder (1998).,PERSON
Beck Hansen (born Bek David Campbell; July 8 1970) is an American singer songwriter musician and record producer. He rose to fame in the early 1990s with his experimental and lo-fi style and became known for creating musical collages of wide-ranging genres. He has musically encompassed folk funk soul hip hop electronic alternative rock country and psychedelia.,PERSON
Whitney Elizabeth Houston (August 9 1963 – February 11 2012) was an American singer and actress. She was cited as the most awarded female artist of all time by Guinness World Records and remains one of the best-selling music artists of all time with 200 million records sold worldwide. Houston released seven studio albums and two soundtrack albums all of which have been certified diamond multi-platinum platinum or gold by the Recording Industry Association of America (RIAA).,PERSON
Michael Whitaker Smith (born October 7 1957) is an American musician who has charted in both contemporary Christian and mainstream charts. His biggest success in mainstream music was in 1991 when "Place in This World" hit No. 6 on the Billboard Hot 100.,PERSON
Brian Hugh Warner (born January 5 1969) known professionally as Marilyn Manson is an American singer songwriter record producer actor director visual artist and former music journalist. He is known for his controversial stage personality and image as the lead singer of the band of the same name which he co-founded with guitarist Daisy Berkowitz in 1989 and of which he remains the only constant member. Like the other founding members of the band his stage name was formed by combining and juxtaposing the names of two opposing American cultural icons: actress Marilyn Monroe and criminal Charles Manson.,PERSON
Rupert James Hector Everett (; born 29 May 1959) is an English actor writer and singer. He first came to public attention in 1981 when he was cast in Julian Mitchell's play and subsequent film Another Country (1984) as a gay pupil at an English public school in the 1930s; the role earned him his first BAFTA Award nomination. He went on to receive a second BAFTA Award nomination and his first Golden Globe Award nomination for his role in My Best Friend's Wedding (1997) followed by a second Golden Globe nomination for An Ideal Husband (1999).,PERSON
John Francis Bongiovi Jr. (born March 2 1962) known professionally as Jon Bon Jovi is an American singer-songwriter record producer philanthropist and actor. Bon Jovi is best known as the founder and frontman of the Grammy Award-winning rock band Bon Jovi which was formed in 1983.,PERSON
Joel Coen (born November 29 1954) and Ethan Coen (born September 21 1957) collectively referred to as the Coen brothers () are American filmmakers. Their films span many genres and styles which they frequently subvert or parody. Their most acclaimed works include Miller's Crossing (1990) Barton Fink (1991) Fargo (1996) The Big Lebowski (1998) O Brother Where Art Thou?,PERSON
Travis Landon Barker (born November 14 1975) is an American musician songwriter and record producer best known as the current drummer for the rock band Blink-182. Barker has also performed as a frequent collaborator with hip hop artists is a member of the rap rock group Transplants founded the rock bands +44 and Box Car Racer and most recently joined Antemasque and Goldfinger. He was a frequent collaborator with the now-late DJ AM and together they formed TRV$DJAM. Due to his fame Rolling Stone referred to him as "punk's first superstar drummer" as well as one of the 100 Greatest Drummers of All Time.Born in Fontana California Barker began drumming at an early age.,PERSON
Diana Ross (born March 26 1944) is an American singer actress and record producer. Born and raised in Detroit Michigan Ross rose to fame as the lead singer of the vocal group The Supremes who during the 1960s became Motown's most successful act and are the best-charting female group in US history as well as one of the world's best-selling girl groups of all time. The group released a record-setting twelve number one hit singles on the US Billboard Hot 100 including "Where Did Our Love Go" "Baby Love" "Come See About Me" "Stop!,PERSON
"Tearin' Up My Heart" is a song by American boy band NSYNC released as the second single from their self-titled debut album in Germany on February 10 1997 and June 30 1998 in the US and UK. It reached the top ten in several countries including Germany and the UK and is known for being one of their signature songs.,SONG
"Smooth" is a collaboration between Latin rock band Santana and Matchbox Twenty vocalist Rob Thomas. The song was written by Itaal Shur and Thomas produced by Matt Serletic and sung by Thomas. In the United States it topped the Billboard Hot 100 for 12 weeks; it was the final number-one hit of the 1990s and the first number-one hit of the 2000s.,SONG
"Sleep Now in the Fire" is the fifth track from the 1999 album The Battle of Los Angeles by the band Rage Against the Machine. It was released as a single in 1999. The song contains lyrics about greed such as the conquest of Native Americans Christopher Columbus' voyage by Niña the Pinta and Santa Maria and U.S. slavery in the 19th century as well as criticism of actions taken by the U.S. government in wartime including the bombing of Hiroshima and the use of Agent Orange in the Vietnam War.,SONG
"1999" is a song by American musician Prince the title track from his 1982 album of the same name. In 1983 the song peaked at number 2 in Australia. It originally peaked at number 44 on the Billboard Hot 100 in December 1982 but with its re-release it peaked at number 12 in the US in July 1983 and at number 25 in the UK in January 1983 (reaching number 2 in the UK when re-released in January 1985 as part of a double A-side with "Little Red Corvette").,SONG
"Heartbreaker" is a song by American singer and songwriter Mariah Carey. It was released on September 21 1999 by Columbia Records as the lead single from Carey's seventh studio album Rainbow (1999). The song was written by Carey and Shawn "Jay-Z" Carter and produced by Carey and DJ Clue.,SONG
"(God Must Have Spent) A Little More Time on You" is a song by American boy band NSYNC. It was released as the third single from their self-titled debut album in the U.S. While some of the previous singles were released in Europe this one was not and subsequently only charted in Australia and the U.S. reaching number 46 and number 8 respectively. The single included a live version of Christopher Cross song "Sailing" as well as a limited edition postcard. Some versions of the single included the track's video.,SONG
"Bye Bye Bye" is a song by the American boy band NSYNC. It was released on January 10th 2000 as the lead single from their third studio album No Strings Attached. The song was written and produced by Kristian Lundin and Jake Schulze with additional writing by Andreas Carlsson. Its lyrics describe the end of a romantic relationship; it was reported to also reference the group's separation from their manager Lou Pearlman and their record label RCA Records.,SONG
"Fly on the Wings of Love" is a song by Danish pop-rock duo Olsen Brothers which was the winner of Eurovision Song Contest 2000 performed for Denmark singing in English.,SONG
"Genie in a Bottle" is a song recorded by American singer Christina Aguilera from her self-titled debut album released in 1999. It was written by Pam Sheyne Steve Kipner and David Frank and produced by Kipner and Frank. The song was released on June 22 1999 by RCA Records as the album's lead single.,SONG
Copyright is the exclusive right given to the creator of a creative work to reproduce the work usually for a limited time. The creative work may be in a literary artistic educational or musical form. Copyright is intended to protect the original expression of an idea in the form of a creative work but not the idea itself.,UNCATEGORIZED
Napster is a set of three music-focused online services. It was founded as a pioneering peer-to-peer (P2P) file sharing Internet software that emphasized sharing digital audio files typically audio songs encoded in MP3 format. As the software became popular the company ran into legal difficulties over copyright infringement.,UNCATEGORIZED
Atheism is in the broadest sense an absence of belief in the existence of deities. Less broadly atheism is a rejection of the belief that any deities exist.  In an even narrower sense atheism is specifically the position that there are no deities.,UNCATEGORIZED
Risk is the potential for uncontrolled loss of something of value. Values (such as physical health social status emotional well-being or financial wealth) can be gained or lost when taking risk resulting from a given action or inaction foreseen or unforeseen (planned or not planned). Risk can also be defined as the intentional interaction with uncertainty.,UNCATEGORIZED
NetAid  was an anti-poverty initiative. It started as a joint venture between the United Nations Development Programme and Cisco Systems. It became an independent nonprofit organization in 2001.,UNCATEGORIZED
The United States No Electronic Theft Act (NET Act) a federal law passed in 1997 provides for criminal prosecution of individuals who engage in copyright infringement under certain circumstances even when there is no monetary profit or commercial benefit from the infringement. Maximum penalties can be five years in prison with fines.,UNCATEGORIZED
Streptococcal pharyngitis also known as strep throat is an infection of the back of the throat including the tonsils caused by group A streptococcus (GAS). Common symptoms include fever sore throat red tonsils and enlarged lymph nodes in the neck. A headache and nausea or vomiting may also occur.,UNCATEGORIZED
Aprilia is an Italian motorcycle manufacturer one of the brands owned by Piaggio. Having started as a manufacturer of bicycles it moved on to manufacture scooters and small-capacity motorcycles. In more recent times Aprilia has produced large sportbikes such as the 1000 cc V-twin RSV Mille and the V4 RSV4.,UNCATEGORIZED
Siegen (German pronunciation: [ˈziːɡn̩] (listen)) is a city in Germany in the south Westphalian part of North Rhine-Westphalia.,LOCATION
The University of Southern California (USC SC or Southern Cal) is a private research university in Los Angeles California. Founded in 1880 it is the oldest private research university in California. For the 2018–19 academic year there were 20000 students enrolled in four-year undergraduate programs.,LOCATION
Palestrina (ancient Praeneste; Ancient Greek: Πραίνεστος Prainestos) is a modern Italian city and comune (municipality) with a population of about 22000 in Lazio about 35 kilometres (22 miles) east of Rome. It is connected to the latter by the Via Prenestina. It is built upon the ruins of an ancient city of the same name.,LOCATION
Canada is a country in the northern part of North America. Its ten provinces and three territories extend from the Atlantic to the Pacific and northward into the Arctic Ocean covering 9.98 million square kilometres (3.85 million square miles) making it the world's second-largest country by total area. Its southern border with the United States stretching 8891 kilometres (5525 mi) is the world's longest bi-national land border.,LOCATION
New Zealand (Māori: Aotearoa [aɔˈtɛaɾɔa]) is a sovereign island country in the southwestern Pacific Ocean. The country has two main landmasses—the North Island (Te Ika-a-Māui) and the South Island (Te Waipounamu)—and around 600 smaller islands. It has a total land area of 268000 square kilometres (103500 sq mi).,LOCATION
English National Opera (ENO) is an opera company based in London resident at the London Coliseum in St Martin's Lane. It is one of the two principal opera companies in London along with The Royal Opera Covent Garden. ENO's productions are sung in English.,LOCATION
Georgia () is a state located in the southeastern region of the United States. Georgia is the 24th largest in area and 8th-most populous of the 50 United States. Georgia is bordered to the north by Tennessee and North Carolina to the northeast by South Carolina to the southeast by the Atlantic Ocean to the south by Florida and to the west by Alabama.,LOCATION
The Cynthia Woods Mitchell Pavilion sometimes called The Woodlands Pavilion or simply The Pavilion is a concert amphitheatre located in The Woodlands Texas an outer suburb of Houston Texas. It caters to both the performing arts and contemporary artists and is also available for rental. It is owned and operated by The Center for the Performing Arts at The Woodlands and is a non-profit organization.,LOCATION
Minnesota ( (listen)) is a state in the Upper Midwest Great Lakes and northern regions of the United States. Minnesota was admitted as the 32nd U.S. state on May 11 1858 created from the eastern half of the Minnesota Territory. The state has many lakes and is known as the "Land of 10000 Lakes".,LOCATION
Edinburgh Castle is a historic fortress which dominates the skyline of Edinburgh the capital city of Scotland from its position on the Castle Rock. Archaeologists have established human occupation of the rock since at least the Iron Age (2nd century AD) although the nature of the early settlement is unclear. There has been a royal castle on the rock since at least the reign of David I in the 12th century and the site continued at times to be a royal residence until 1633.,LOCATION
New Jersey is a state in the Mid-Atlantic region of the Northeastern United States. It is bordered on the north and east by the state of New York; on the east southeast and south by the Atlantic Ocean; on the west by the Delaware River and Pennsylvania; and on the southwest by Delaware Bay and the State of Delaware. New Jersey is the fourth-smallest state by area but the 11th-most populous with 8882190 residents as of 2019 and an area of 8722.58 square miles making it the most densely populated of the 50 U.S. states with its biggest city being Newark.,LOCATION
Chino ( CHEE-noh) is a city in the western end of San Bernardino County California United States with Los Angeles County to its west and Orange County to its south in the Southern California region. Chino is adjacent to Chino Hills California. Chino's surroundings have long been a center of agriculture and dairy farming providing milk products in Southern California and much of the southwestern United States.,LOCATION
The original Wembley Stadium (; formerly known as the Empire Stadium) was a football stadium in Wembley Park London which stood on the same site now occupied by its successor.Wembley hosted the FA Cup final annually the first in 1923 the League Cup final annually five European Cup finals the 1966 World Cup Final and the final of Euro 96. Brazilian footballer Pelé once said of the stadium: "Wembley is the cathedral of football. It is the capital of football and it is the heart of football" in recognition of its status as the world's best-known football stadium.,LOCATION
Italy (Italian: Italia [iˈtaːlja] (listen)) officially the Italian Republic (Italian: Repubblica Italiana [reˈpubblika itaˈljaːna])  is a European country consisting of a peninsula delimited by the Alps and surrounded by several islands. Italy is located in south-central Europe and it is also considered a part of western Europe. A unitary parliamentary republic  with its capital in Rome the country covers a total area of 301340 km2 (116350 sq mi) and shares land borders with France Switzerland Austria Slovenia and the enclaved microstates of Vatican City and San Marino.,LOCATION
The Scottish Parliament (Scottish Gaelic: Pàrlamaid na h-Alba; Scots: Scots Pairlament) is the unicameral legislature of Scotland. Located in the Holyrood area of the capital city Edinburgh it is frequently referred to by the metonym Holyrood.The Parliament is a democratically elected body comprising 129 members known as Members of the Scottish Parliament (MSPs) elected for four-year terms under the additional member system: 73 MSPs represent individual geographical constituencies elected by the plurality (‘first-past-the-post’) system while a further 56 are returned from eight additional member regions each electing seven MSPs. The most recent general election to the Parliament was held on 5 May 2016 with the Scottish National Party winning a plurality.,LOCATION
September 1 is the 244th day of the year (245th in leap years) in the Gregorian calendar.  121 days remain until the end of the year.,LOCATION
The Cynthia Woods Mitchell Pavilion sometimes called The Woodlands Pavilion or simply The Pavilion is a concert amphitheatre located in The Woodlands Texas an outer suburb of Houston Texas. It caters to both the performing arts and contemporary artists and is also available for rental. It is owned and operated by The Center for the Performing Arts at The Woodlands and is a non-profit organization.,LOCATION
London is the capital and largest city of England and the United Kingdom. Standing on the River Thames in the south-east of England at the head of its 50-mile (80 km) estuary leading to the North Sea London has been a major settlement for two millennia. Londinium was founded by the Romans.,LOCATION
Stockholm (Swedish pronunciation: [ˈstɔ̂kː(h)ɔlm] (listen)) is the capital and most populous urban area of Sweden. 972647 people live in the municipality approximately 1.6 million in the urban area and 2.4 million in the metropolitan area. The city stretches across fourteen islands where Lake Mälaren flows into the Baltic Sea.,LOCATION
Yale University is a private Ivy League research university in New Haven Connecticut. Founded in 1701 it is the third-oldest institution of higher education in the United States and one of the nine Colonial Colleges chartered before the American Revolution. Its history academic achievements wealth and selectivity have made Yale one of the most prestigious universities in the world.Chartered by Connecticut Colony the "Collegiate School" was established in 1701 by clergy to educate Congregational ministers.,LOCATION
The Irish Music Hall of Fame was a multimedia exhibition in Dublin Ireland which operated between 1999 and 2001.  It recognised what it described as the best of Irish musical talent of all types over the decades.,LOCATION
House of Blues is an American chain of live music concert halls and restaurants. It was founded by Isaac Tigrett the co-founder of Hard Rock Cafe and Dan Aykroyd co-star of the 1980 film The Blues Brothers. The first location opened at Harvard Square in Cambridge Massachusetts in 1992.,LOCATION
Roskilde (UK:  ROSK-il-ə also US:  RUSK-ee-lə Danish: [ˈʁɒskilə]) located 30 km (19 mi) west of Copenhagen on the Danish island of Zealand is the main city in the eponymous municipality. With a population of 51121 (as of 1 January 2019) the city is a business and educational centre for the region and the 10th largest city in Denmark. It is governed by the administrative council of Roskilde Municipality.,LOCATION
Dornoch (; Scottish Gaelic: Dòrnach [ˈt̪ɔːrˠn̪ˠəx]; Scots: Dornach) is a town seaside resort and former royal burgh in the county of Sutherland in the Highlands of Scotland. It lies on the north shore of the Dornoch Firth near to where it opens into the Moray Firth to the east.,LOCATION
Sutherland is a historic county registration county and lieutenancy area in the Highlands of Scotland. Its county town is Dornoch. Sutherland borders Caithness and Moray Firth to the east Ross-shire and Cromartyshire (later combined into Ross and Cromarty) to the south and the Atlantic to the north and west.,LOCATION
The Cavern Club is a nightclub at 10 Mathew Street Liverpool England.,LOCATION
New York City (NYC) often called the City of New York or simply New York (NY) is the most populous city in the United States. With an estimated 2018 population of 8398748 distributed over about 302.6 square miles (784 km2) New York is also the most densely populated major city in the United States. Located at the southern tip of the U.S. state of New York the city is the center of the New York metropolitan area the largest metropolitan area in the world by urban landmass.,LOCATION
Geneva ( jin-EE-və; French: Genève [ʒənɛv] (listen); Arpitan: Genèva [dzəˈnɛva] (listen); German: Genf [ɡɛnf] (listen); Italian: Ginevra [dʒiˈneːvra]; Romansh: Genevra) is the second-most populous city in Switzerland (after Zürich) and the most populous city of Romandy the French-speaking part of Switzerland. Situated where the Rhône exits Lake Geneva it is the capital of the Republic and Canton of Geneva.,LOCATION
The Museum of Pop Culture or MoPOP (previously called EMP Museum) is a nonprofit museum dedicated to contemporary popular culture. It was founded by Microsoft co-founder Paul Allen in 2000 as the Experience Music Project. Since that time MoPOP has organized dozens of exhibits 17 of which have toured across the US and internationally.,LOCATION
Latium ( LAY-shee-əm US also  -⁠shəm Latin: [ˈlat̪i.ʊ̃ˑ]) is the region of central western Italy and the entirety of Vatican City in which the city of Rome was founded and grew to be the capital city of the Roman Empire. Latium was originally a small triangle of fertile volcanic soil on which resided the tribe of the Latins or Latians. It was located on the left bank (east and south) of the River Tiber extending northward to the River Anio (a left-bank tributary of the Tiber) and southeastward to the Pomptina Palus (Pontine Marshes now the Pontine Fields) as far south as the Circeian promontory.,LOCATION
Skibo Castle (Scottish Gaelic: Caisteal Sgìobail) is located to the west of Dornoch in the Highland county of Sutherland Scotland overlooking the Dornoch Firth. Although largely of the 19th century and early 20th century when it was the home of industrialist Andrew Carnegie its origins go back much earlier.,LOCATION
Australia officially the Commonwealth of Australia is a sovereign country comprising the mainland of the Australian continent the island of Tasmania and numerous smaller islands. It is the largest country in Oceania and the world's sixth-largest country by total area. The population of 26 million is highly urbanised and heavily concentrated on the eastern seaboard.,LOCATION
Paradise is an unincorporated town and census-designated place (CDP) in Clark County Nevada United States adjacent to the city of Las Vegas. The population was 231858 as of 2017 making it the most populous CDP in the United States. As an unincorporated town it is governed by the Clark County Commission with input from the Paradise Town Advisory Board.,LOCATION
The University of Oregon (also referred to as UO U of O or Oregon) is a public flagship research university in Eugene Oregon. Founded in 1876 the institution's 295-acre campus is along the Willamette River. Since July 2014 UO has been governed by the Board of Trustees of the University of Oregon.,LOCATION
Ericsson Globe originally known as Stockholm Globe Arena and commonly referred to in Swedish simply as Globen (pronounced [ˈɡlǔːbɛn] (listen); "the Globe") is an indoor arena located in Stockholm Globe City Johanneshov district of Stockholm Sweden.,LOCATION
Dresden ( German: [ˈdʁeːsdn̩] (listen); Upper and Lower Sorbian: Drježdźany; Czech: Drážďany; Polish: Drezno) is the capital city of the German state of Saxony and its  second most populous city following only Leipzig. It is the 12th most populous city of Germany the fourth largest by area (following only Berlin Hamburg and Cologne) and the third most populous city in the area of former East Germany following only (East) Berlin and Leipzig. Dresden is contiguous with Freital Pirna Radebeul Meissen and Coswig and its urban area has around 780000 inhabitants making it the largest in Saxony.,LOCATION
Jefferson County is one of the 64 counties in the U.S. state of Colorado. As of the 2010 census the population was 534543 making it the fourth-most populous county in Colorado. The county seat is Golden and the most populous city is Lakewood.,LOCATION
Carnegie Hall ( but more commonly ) is a concert venue in Midtown Manhattan in New York City United States located at 881 Seventh Avenue occupying the east side of Seventh Avenue between West 56th Street and West 57th Street two blocks south of Central Park.,LOCATION
Indiana University Bloomington (IU Bloomington IU or simply Indiana) is a public research university in Bloomington Indiana. It is the flagship institution of the Indiana University system and with over 40000 students its largest university.Indiana University is a "Public Ivy" university and consistently ranks in the top 100 national universities in the U.S. and among the top 50 public universities. It is a member of the Association of American Universities and has numerous schools and programs including the Jacobs School of Music the Luddy School of Informatics Computing and Engineering the O'Neill School of Public and Environmental Affairs the Kelley School of Business the School of Public Health the School of Nursing the School of Optometry the Maurer School of Law the School of Education the Media School and the Hamilton Lugar School of Global and International Studies.As of Fall 2017 43710 students attend Indiana University.,LOCATION
Olympia is the capital of the U.S. state of Washington and the county seat and largest city of Thurston County. European settlers claimed the area in 1846 with the Treaty of Medicine Creek initiated in 1854 and the Treaty of Olympia initiated in January 1856.Olympia was incorporated as a town on January 28 1859 and as a City in 1882. The population was 46479 as of the 2010 census making it the 24th largest city in the state.,LOCATION
Rome (Latin and Italian Roma [ˈroːma] (listen)) is the capital city and a special comune of Italy (named Comune di Roma Capitale). Rome also serves as the capital of the Lazio region. With 2879728 residents in 1285 km2 (496.1 sq mi) it is also the country's most populated comune.,LOCATION
A music festival is a community event oriented towards live performances of singing and instrument playing that is often presented with a theme such as musical genre (e.g. blues folk jazz classical music) nationality locality of musicians or holiday.,EVENT
Woodstock '99 (also called Woodstock 1999) held July 22–25 1999 was the second large-scale music festival (after Woodstock '94) that attempted to emulate the original Woodstock festival of 1969. Like the previous Woodstock festivals it was held in upstate New York this time in Rome (roughly one hundred miles (160 km) from the site of the original event) and the attendance was approximately 400000 over four days.,EVENT
The Columbine High School massacre was a school shooting and attempted bombing that occurred on April 20 1999 at Columbine High School in Columbine Colorado United States. The perpetrators twelfth grade (senior) students Eric Harris and Dylan Klebold murdered 12 students and one teacher. Ten students were killed in the school library where the pair subsequently committed suicide.,EVENT
Yoyo A Go Go usually abbreviated to Yoyo and often typeset in various ways was an independent music festival in Olympia Washington first held in 1994 and followed by successor festivals in 1997 1999 and 2001. Five- and six-day concert marathons featured dozens of punk and indie rock acts stacked back to back as well as a variety of associated entertainment and small-scale local retail. The concerts took place at the historic Capitol Theater and showcased performers from the local Olympia music scene while also including national and international artists.,EVENT
Denmark has participated in the Eurovision Song Contest 48 times making its first appearance in 1957. Having competed in ten consecutive contests until 1966 Denmark was absent for eleven consecutive contests from 1967 to 1977. Since 1978 it has been absent from only four contests.,EVENT
The 2000 Democratic National Convention was a quadrennial presidential nominating convention for the Democratic Party. The convention nominated Vice President Al Gore for president and Senator Joe Lieberman from Connecticut for vice president. The convention was held at the Staples Center in Los Angeles California from August 14 to August 17 2000.,EVENT
The Eurovision Song Contest 2000 was the 45th edition of the annual Eurovision Song Contest. It took place in Stockholm Sweden following Charlotte Nilsson's win at the 1999 contest in Jerusalem Israel with the song "Take Me to Your Heaven". The contest was held on 13 May 2000 at the Globe Arena.,EVENT
Protest activity against the Vietnam War took place prior to and during the 1968 Democratic National Convention.,EVENT
The Coachella Valley Music and Arts Festival (commonly called Coachella or the Coachella Festival) is an annual music and arts festival held at the Empire Polo Club in Indio California in the Coachella Valley in the Colorado Desert. It was co-founded by Paul Tollett and Rick Van Santen in 1999 and is organized by Goldenvoice a subsidiary of AEG Presents. The event features musical artists from many genres of music including rock pop indie hip hop and electronic dance music as well as art installations and sculptures.,EVENT
The Roskilde Festival is a Danish music festival held annually south of Roskilde. It is one of the largest music festivals in Europe and the largest in Northern Europe. It was created in 1971 by two high school students Mogens Sandfær and Jesper Switzer Møller and promoter Carl Fischer.,EVENT
The Berlin International Film Festival (German: Internationale Filmfestspiele Berlin) usually called the Berlinale is a film festival held annually in Berlin Germany. Founded in West Berlin in 1951 the festival has been held every February since 1978 and is one of the "Big Three" alongside the Venice Film Festival and Cannes Film Festival. Since 2019 Mariette Rissenbeek serves as the executive director of the festival while Carlo Chatrian is the artistic director.With around 300000 tickets sold and 500000 admissions each year it has the largest public attendance of any annual film festival.,EVENT
An MTV Video Music Award (commonly abbreviated as a VMA) is an award presented by the cable channel MTV to honor the best in the music video medium. Originally conceived as an alternative to the Grammy Awards (in the video category) the annual MTV Video Music Awards ceremony has often been called the "Super Bowl for youth" an acknowledgment of the VMA ceremony's ability to draw millions of youth from teens to 20-somethings each year. By 2001 the VMA had become a coveted award.,EVENT
Twenty Four Seven Tour  (also known as the Twenty Four Seven Millennium Tour and 24/7 World Tour) is the eighth concert tour by American singer Tina Turner. The tour promoted her final studio album Twenty Four Seven. Although she stated this numerous times in the past Turner announced that feat would be her final "show stopping" tour.,EVENT
Terrastock is a music festival organised periodically by Phil McMullen formerly editor of the Ptolemaic Terrascope and since 2005 the publisher of the Terrascope Online website.  The event typically features independent bands playing psychedelic rock.,EVENT
The Oops!... I Did It Again Tour was the third concert tour by American recording artist Britney Spears. It supported her second studio album Oops!...,EVENT
The Doomsday Festival was a two-day music festival held August 19–20 2000 at the Ostragehege in Dresden Germany. The event featured a wide range of bands but is best known as the occasion of Skinny Puppy's reunion concert which closed the festival and was recorded for the live album Doomsday: Back and Forth Series 5: Live in Dresden (2001). It was Skinny Puppy's first concert since 1992 first in Europe since 1988 and first ever in the former East Germany.,EVENT
